{"stats":{"minecraft:used":{"minecraft:stone_sword":48,"minecraft:flint_and_steel":1,"minecraft:stone_pickaxe":5,"biomesoplenty:redwood_planks":22,"minecraft:wooden_pickaxe":16,"minecraft:stone":49,"minecraft:iron_sword":34,"minecraft:wooden_shovel":4,"mowziesmobs:naga_spawn_egg":2,"minecraft:dirt":5,"minecraft:tnt":4,"minecraft:crafting_table":3,"minecraft:firework_rocket":12,"minecraft:oak_stairs":1,"minecraft:iron_axe":2,"minecraft:iron_pickaxe":2,"mowziesmobs:umvuthi_spawn_egg":1,"minecraft:stone_axe":22,"minecraft:golden_carrot":2,"minecraft:cobblestone":4,"minecraft:scaffolding":128,"minecraft:furnace":1,"minecraft:birch_log":1,"minecraft:cooked_beef":1},"minecraft:mined":{"biomesoplenty:redwood_planks":2,"minecraft:crafting_table":2,"biomesoplenty:bush":3,"minecraft:grass_block":4,"minecraft:cobblestone":3,"minecraft:spruce_leaves":3,"minecraft:sugar_cane":2,"minecraft:spawner":1,"minecraft:large_fern":1,"minecraft:birch_log":6,"minecraft:iron_ore":1,"minecraft:spruce_log":7,"minecraft:birch_leaves":1,"minecraft:dirt":2,"minecraft:stone":18,"biomesoplenty:redwood_wood":6,"minecraft:fern":3},"minecraft:dropped":{"minecraft:iron_ingot":64,"minecraft:iron_sword":1,"minecraft:stone_axe":1,"minecraft:stone_sword":1,"minecraft:ender_pearl":71,"minecraft:leather":6,"minecraft:leather_helmet":1,"minecraft:golden_carrot":64,"minecraft:iron_chestplate":2,"minecraft:chainmail_boots":1,"minecraft:iron_leggings":2,"minecraft:axolotl_bucket":1,"minecraft:stone_pickaxe":1,"minecraft:iron_pickaxe":1,"minecraft:firework_rocket":256},"minecraft:picked_up":{"minecraft:birch_log":6,"minecraft:crafting_table":2,"minecraft:chicken":1,"minecraft:golden_carrot":8,"minecraft:leather":9,"minecraft:oak_stairs":1,"minecraft:dirt":5,"minecraft:string":2,"minecraft:bone":2,"minecraft:beef":16,"biomesoplenty:redwood_wood":7,"minecraft:sugar_cane":4,"minecraft:birch_sapling":6,"minecraft:egg":1,"minecraft:stick":15,"minecraft:raw_iron":1,"minecraft:sweet_berries":33,"minecraft:porkchop":3,"minecraft:spruce_log":7,"biomesoplenty:redwood_planks":2,"minecraft:arrow":1,"minecraft:rotten_flesh":8,"minecraft:emerald":1,"minecraft:cobblestone":20},"minecraft:crafted":{"minecraft:cooked_beef":1,"hangglider:glider_framework":1,"minecraft:wooden_shovel":1,"minecraft:crafting_table":3,"biomesoplenty:redwood_planks":28,"minecraft:iron_helmet":1,"hangglider:hang_glider":1,"minecraft:wooden_pickaxe":1,"minecraft:iron_sword":1,"minecraft:furnace":1,"minecraft:birch_planks":20,"hangglider:glider_wing":2,"minecraft:stone_axe":1,"minecraft:air":0,"minecraft:iron_boots":1,"minecraft:iron_chestplate":1,"minecraft:charcoal":7,"minecraft:iron_axe":1,"minecraft:stick":24,"minecraft:iron_ingot":288,"minecraft:iron_pickaxe":1,"minecraft:stone_pickaxe":1,"minecraft:stone_sword":1,"minecraft:iron_leggings":1},"minecraft:killed":{"minecraft:pig":2,"minecraft:spider":1,"minecraft:vindicator":3,"minecraft:pillager":3,"minecraft:zombie":4,"minecraft:chicken":1,"minecraft:cow":7},"minecraft:custom":{"minecraft:interact_with_furnace":10,"minecraft:mob_kills":22,"tombstone:raider_killed":6,"minecraft:interact_with_crafting_table":8,"minecraft:open_barrel":9,"minecraft:leave_game":3,"minecraft:time_since_death":53783,"minecraft:climb_one_cm":18530,"minecraft:time_since_rest":53783,"minecraft:sprint_one_cm":45730,"minecraft:damage_taken":266,"minecraft:walk_one_cm":65137,"minecraft:drop":37,"minecraft:damage_dealt":4136,"minecraft:swim_one_cm":6659,"minecraft:fly_one_cm":248784,"minecraft:open_chest":5,"minecraft:crouch_one_cm":1602,"minecraft:play_time":53783,"tombstone:undead_killed":4,"minecraft:sneak_time":1114,"minecraft:walk_under_water_one_cm":3091,"minecraft:jump":529,"minecraft:walk_on_water_one_cm":4589,"minecraft:total_world_time":53783,"minecraft:fall_one_cm":9514}},"DataVersion":3465}