{"stats":{"minecraft:broken":{"minecraft:iron_boots":1,"minecraft:iron_sword":1},"minecraft:mined":{"minecraft:carved_pumpkin":3,"minecraft:obsidian":1,"minecraft:grass_block":17,"minecraft:coal_block":6,"minecraft:composter":1,"minecraft:spawner":2,"minecraft:tall_seagrass":6,"minecraft:cobbled_deepslate":9,"minecraft:iron_ore":3,"minecraft:fire":24,"minecraft:pumpkin":1,"minecraft:deepslate_lapis_ore":4,"minecraft:player_head":1,"minecraft:orange_bed":7,"minecraft:deepslate_redstone_ore":6,"minecraft:brown_mushroom":1,"minecraft:blackstone":66,"minecraft:kelp_plant":19,"minecraft:torch":13,"minecraft:blast_furnace":2,"minecraft:melon":7,"minecraft:nether_quartz_ore":7,"minecraft:cobblestone":2,"minecraft:sugar_cane":7,"minecraft:wall_torch":1,"ecologics:seashell":1,"minecraft:birch_log":10,"minecraft:wheat":77,"minecraft:grass":92,"biomesoplenty:clover":1,"minecraft:oak_log":8,"minecraft:sand":46,"minecraft:dirt":42,"minecraft:netherrack":170,"minecraft:oak_leaves":1,"minecraft:deepslate":42,"minecraft:nether_gold_ore":34,"ecologics:coconut_planks":10,"ecologics:stripped_coconut_log":1,"minecraft:deepslate_diamond_ore":29,"biomesoplenty:bush":2,"travelersbackpack:white_sleeping_bag":3,"ecologics:coconut_log":29,"minecraft:spruce_leaves":5,"minecraft:kelp":1,"minecraft:sandstone":2,"ecologics:sandcastle":1,"minecraft:large_fern":3,"minecraft:hay_block":34,"minecraft:furnace":2,"minecraft:gold_block":1,"minecraft:nether_brick_fence":2,"biomesoplenty:high_grass":1,"minecraft:deepslate_iron_ore":15,"minecraft:stone":216,"travelersbackpack:spider":6,"travelersbackpack:standard":2,"minecraft:crafting_table":14,"minecraft:lectern":1,"biomesoplenty:high_grass_plant":4,"minecraft:tall_grass":49,"farmersdelight:wild_tomatoes":2,"biomesoplenty:sprout":4,"minecraft:lime_bed":2,"minecraft:spruce_log":8,"minecraft:yellow_bed":2,"ecologics:hanging_coconut":1,"minecraft:gravel":10,"minecraft:cobweb":20,"biomesoplenty:redwood_wood":1,"minecraft:fern":1},"minecraft:used":{"ecologics:sandcastle":1,"minecraft:iron_shovel":74,"minecraft:chest":3,"minecraft:iron_sword":341,"ecologics:coconut_planks":26,"naturalist:cooked_bass":2,"minecraft:axolotl_bucket":3,"minecraft:obsidian":1,"minecraft:lava_bucket":10,"farmersdelight:tomato":1,"minecraft:grass_block":1,"minecraft:bow":6,"minecraft:furnace":4,"minecraft:cooked_cod":1,"minecraft:egg":1,"travelersbackpack:spider":13,"minecraft:blackstone":11,"minecraft:ender_pearl":32,"minecraft:wooden_pickaxe":3,"minecraft:sandstone":4,"minecraft:golden_apple":6,"minecraft:golden_hoe":33,"minecraft:sand":26,"minecraft:blast_furnace":2,"shieldexp:iron_shield":6,"minecraft:bread":28,"tombstone:grave_key":3,"ecologics:coconut_slice":32,"minecraft:diamond_sword":80,"minecraft:oak_boat":7,"minecraft:bone_meal":15,"minecraft:experience_bottle":2,"minecraft:flint_and_steel":1,"minecraft:carved_pumpkin":3,"minecraft:dried_kelp":51,"minecraft:spruce_planks":8,"minecraft:netherrack":113,"minecraft:torch":54,"minecraft:dirt":42,"minecraft:spruce_stairs":5,"minecraft:iron_axe":19,"minecraft:golden_carrot":56,"tombstone:gift":5,"farmersdelight:tomato_seeds":1,"minecraft:cobbled_deepslate":60,"minecraft:pumpkin":1,"minecraft:iron_leggings":1,"minecraft:wheat_seeds":89,"minecraft:water_bucket":55,"minecraft:birch_boat":1,"minecraft:crafting_table":20,"minecraft:lime_bed":3,"minecraft:painting":1,"mowziesmobs:wrought_axe":196,"tombstone:bag_of_seeds":1,"minecraft:wooden_hoe":12,"minecraft:diamond_pickaxe":588,"minecraft:iron_pickaxe":46,"travelersbackpack:white_sleeping_bag":1,"minecraft:fishing_rod":2,"minecraft:cobblestone":26,"minecraft:potion":2,"travelersbackpack:standard":2,"minecraft:bucket":76},"minecraft:killed_by":{"minecraft:wither_skeleton":1,"minecraft:creeper":1,"minecraft:vindicator":1,"minecraft:zombie":1,"minecraft:spider":1,"mowziesmobs:ferrous_wroughtnaut":5,"minecraft:skeleton":2},"minecraft:dropped":{"minecraft:iron_sword":1,"minecraft:brown_mushroom":3,"minecraft:porkchop":3,"minecraft:ender_pearl":8,"minecraft:glass_bottle":2,"minecraft:diamond":18,"ecologics:coconut_slice":2,"minecraft:leather":3,"minecraft:leather_helmet":1,"farmersdelight:rice":1,"minecraft:item_frame":1,"minecraft:dirt":10,"minecraft:mutton":2,"minecraft:sand":9,"minecraft:iron_pickaxe":1,"minecraft:birch_log":3,"minecraft:white_wool":2,"minecraft:gold_ingot":5,"minecraft:bone":10,"minecraft:stone_axe":3,"minecraft:blackstone":53,"minecraft:sugar_cane":9,"minecraft:iron_nugget":18,"minecraft:cobbled_deepslate":8,"minecraft:wheat":1,"tombstone:gift":1,"minecraft:rotten_flesh":27,"minecraft:oak_planks":13,"minecraft:gunpowder":5,"ecologics:coconut_husk":4,"minecraft:ladder":3,"minecraft:chainmail_boots":1,"minecraft:spruce_slab":8,"minecraft:arrow":4,"minecraft:quartz":3,"minecraft:netherrack":54,"minecraft:firework_rocket":384,"farmersdelight:tomato_seeds":15,"minecraft:enchanted_book":3,"minecraft:iron_ingot":4,"minecraft:oak_slab":14,"minecraft:wheat_seeds":62,"minecraft:lilac":1,"minecraft:minecart":3,"minecraft:iron_helmet":1,"minecraft:cobblestone":3,"minecraft:apple":20,"minecraft:coal":2,"minecraft:stick":34,"minecraft:golden_carrot":8,"minecraft:ink_sac":1,"minecraft:wooden_hoe":2,"tombstone:grave_dust":1,"minecraft:iron_leggings":2,"minecraft:oak_stairs":4,"minecraft:iron_axe":1,"minecraft:string":2,"ecologics:coconut_planks":22,"minecraft:kelp":64,"minecraft:player_head":1,"minecraft:stone_sword":1,"minecraft:cocoa_beans":2,"minecraft:raw_iron":15,"farmersdelight:cabbage_seeds":3,"minecraft:chicken":4,"minecraft:iron_boots":1,"minecraft:torchflower_seeds":2,"minecraft:spruce_fence":2,"minecraft:pumpkin_seeds":10,"shieldexp:iron_shield":1,"minecraft:bundle":1,"minecraft:iron_chestplate":4,"minecraft:oak_boat":1,"minecraft:stripped_crimson_hyphae":1,"minecraft:bow":1,"minecraft:stone_pickaxe":6,"minecraft:wooden_pickaxe":1,"ecologics:seashell":1,"minecraft:calcite":7,"minecraft:black_wool":1,"minecraft:quartz_slab":3},"minecraft:picked_up":{"minecraft:iron_chestplate":3,"minecraft:wheat":75,"minecraft:chainmail_boots":1,"minecraft:nether_brick_fence":2,"minecraft:oak_stairs":4,"minecraft:potion":2,"minecraft:enchanted_book":3,"travelersbackpack:spider":6,"minecraft:string":51,"minecraft:iron_leggings":1,"minecraft:experience_bottle":2,"minecraft:gold_nugget":137,"minecraft:cobbled_deepslate":68,"minecraft:spruce_planks":23,"minecraft:calcite":7,"ecologics:stripped_coconut_log":1,"minecraft:iron_pickaxe":1,"minecraft:coal_block":6,"minecraft:melon_slice":31,"ecologics:crab_claw":3,"minecraft:furnace":2,"minecraft:stick":23,"minecraft:composter":1,"minecraft:torch":18,"minecraft:spruce_stairs":5,"minecraft:porkchop":3,"tombstone:grave_dust":4,"shieldexp:iron_shield":1,"minecraft:orange_bed":6,"minecraft:stone_sword":1,"minecraft:rotten_flesh":29,"ecologics:coconut_log":28,"minecraft:carved_pumpkin":3,"minecraft:blaze_rod":11,"minecraft:obsidian":1,"minecraft:cod":1,"minecraft:cobblestone":113,"minecraft:birch_log":8,"minecraft:lilac":1,"ecologics:coconut_planks":10,"minecraft:flint":4,"farmersdelight:tomato":1,"minecraft:lapis_lazuli":27,"minecraft:dirt":52,"minecraft:bone":20,"minecraft:bow":1,"minecraft:wheat_seeds":234,"minecraft:oak_planks":15,"minecraft:axolotl_bucket":1,"minecraft:sand":56,"ecologics:coconut_husk":2,"minecraft:ink_sac":1,"minecraft:grass_block":1,"minecraft:bundle":1,"travelersbackpack:white_sleeping_bag":1,"minecraft:diamond":41,"minecraft:emerald":1,"minecraft:netherrack":167,"minecraft:crafting_table":14,"minecraft:chicken":4,"minecraft:ladder":3,"ecologics:seashell":2,"minecraft:brown_mushroom":3,"minecraft:gold_block":1,"minecraft:item_frame":1,"minecraft:quartz_slab":3,"minecraft:blackstone":64,"minecraft:oak_boat":7,"minecraft:player_head":1,"minecraft:lectern":1,"minecraft:spruce_slab":8,"minecraft:minecart":2,"minecraft:sugar_cane":29,"minecraft:egg":1,"minecraft:stripped_crimson_hyphae":1,"minecraft:raw_iron":31,"minecraft:sandstone":3,"ecologics:coconut_slice":34,"minecraft:spruce_fence":2,"farmersdelight:tomato_seeds":9,"minecraft:redstone":28,"minecraft:arrow":10,"minecraft:hay_block":34,"minecraft:gold_ingot":7,"minecraft:mutton":2,"minecraft:white_wool":2,"minecraft:lime_bed":2,"minecraft:golden_carrot":64,"minecraft:salmon":1,"minecraft:leather":13,"minecraft:oak_log":8,"minecraft:yellow_bed":2,"minecraft:gunpowder":6,"mowziesmobs:wrought_axe":1,"minecraft:white_banner":1,"tombstone:gift":2,"minecraft:cooked_mutton":1,"naturalist:bass":2,"minecraft:apple":20,"minecraft:kelp":115,"minecraft:iron_ingot":67,"minecraft:stone_pickaxe":5,"tombstone:bag_of_seeds":1,"minecraft:iron_sword":1,"minecraft:oak_slab":14,"minecraft:pumpkin":1,"minecraft:quartz":7,"mowziesmobs:wrought_helmet":1,"minecraft:blast_furnace":2,"minecraft:spruce_log":8,"minecraft:spider_eye":9,"minecraft:leather_helmet":1,"travelersbackpack:standard":2,"minecraft:firework_rocket":448,"minecraft:pumpkin_seeds":4,"minecraft:stone_axe":3,"minecraft:painting":1,"tombstone:magic_scroll":1,"minecraft:black_wool":1,"minecraft:ender_pearl":71},"minecraft:crafted":{"minecraft:oak_planks":32,"minecraft:blaze_powder":14,"hangglider:hang_glider":1,"minecraft:birch_boat":1,"naturalist:cooked_bass":2,"shieldexp:iron_shield":2,"farmersdelight:safety_net":4,"minecraft:glass":12,"minecraft:diamond_leggings":1,"minecraft:iron_boots":2,"minecraft:bow":1,"tombstone:grave_key":6,"minecraft:chest":4,"minecraft:ender_eye":10,"ecologics:crab_claw":1,"minecraft:crafting_table":6,"minecraft:spruce_planks":64,"travelersbackpack:standard":2,"minecraft:wooden_pickaxe":1,"minecraft:iron_helmet":1,"travelersbackpack:blaze":1,"minecraft:birch_planks":20,"ecologics:sandcastle":1,"minecraft:wooden_hoe":2,"minecraft:iron_chestplate":1,"minecraft:charcoal":10,"minecraft:diamond_pickaxe":1,"minecraft:stick":72,"minecraft:gold_ingot":23,"minecraft:sandstone":1,"minecraft:fire_charge":3,"hangglider:glider_framework":1,"minecraft:fishing_rod":1,"minecraft:iron_nugget":18,"ecologics:coconut_planks":76,"minecraft:furnace":2,"minecraft:bone_meal":15,"hangglider:glider_wing":2,"minecraft:flint_and_steel":1,"travelersbackpack:white_sleeping_bag":1,"minecraft:iron_axe":1,"minecraft:stone_pickaxe":1,"minecraft:diamond_boots":1,"travelersbackpack:spider":1,"minecraft:minecart":1,"minecraft:wheat":306,"minecraft:cooked_cod":1,"minecraft:diamond_sword":1,"travelersbackpack:backpack_tank":2,"minecraft:dried_kelp":51,"minecraft:iron_sword":1,"minecraft:bucket":11,"minecraft:bread":126,"minecraft:air":0,"minecraft:oak_boat":3,"minecraft:white_wool":3,"minecraft:golden_apple":4,"minecraft:iron_shovel":2,"minecraft:torch":32,"minecraft:golden_hoe":1,"minecraft:diamond_chestplate":1},"minecraft:killed":{"naturalist:rattlesnake":1,"minecraft:cave_spider":4,"minecraft:spider":27,"naturalist:snail":1,"minecraft:skeleton":13,"minecraft:chicken":3,"ecologics:coconut_crab":3,"minecraft:pig":1,"minecraft:zombie_villager":1,"minecraft:creeper":9,"naturalist:rhino":5,"minecraft:sheep":4,"minecraft:pillager":5,"minecraft:zombie":25,"minecraft:blaze":27,"minecraft:vindicator":2,"naturalist:coral_snake":1,"mowziesmobs:ferrous_wroughtnaut":1,"naturalist:bass":2,"minecraft:drowned":2,"naturalist:giraffe":2,"mowziesmobs:grottol":1,"minecraft:squid":1,"naturalist:finch":4,"minecraft:wither_skeleton":1,"minecraft:enderman":1},"minecraft:custom":{"minecraft:interact_with_crafting_table":83,"minecraft:open_barrel":9,"minecraft:eat_cake_slice":6,"minecraft:leave_game":10,"minecraft:time_since_death":163260,"minecraft:sprint_one_cm":930062,"minecraft:damage_blocked_by_shield":300,"minecraft:drop":179,"minecraft:play_time":345559,"minecraft:deaths":13,"minecraft:jump":6435,"minecraft:walk_on_water_one_cm":40636,"minecraft:interact_with_furnace":45,"minecraft:sleep_in_bed":11,"minecraft:damage_dealt":32127,"minecraft:crouch_one_cm":22196,"tombstone:undead_killed":42,"minecraft:horse_one_cm":2648,"minecraft:mob_kills":153,"minecraft:damage_dealt_resisted":70,"minecraft:climb_one_cm":11543,"minecraft:walk_one_cm":621613,"minecraft:sneak_time":8266,"minecraft:walk_under_water_one_cm":16671,"minecraft:boat_one_cm":256341,"minecraft:interact_with_blast_furnace":19,"minecraft:total_world_time":345559,"tombstone:raider_killed":7,"minecraft:time_since_rest":21886,"minecraft:damage_taken":10890,"minecraft:damage_absorbed":209,"minecraft:swim_one_cm":41799,"minecraft:fly_one_cm":1813255,"minecraft:open_chest":122,"minecraft:fish_caught":1,"minecraft:fall_one_cm":163716}},"DataVersion":3465}