{"stats":{"minecraft:broken":{"minecraft:golden_shovel":1},"minecraft:used":{"minecraft:oak_planks":10,"farmersdelight:golden_knife":6,"minecraft:blackstone":33,"minecraft:iron_sword":15,"ecologics:coconut_planks":2,"minecraft:player_head":1,"minecraft:rotten_flesh":2,"minecraft:netherrack":2,"minecraft:torch":12,"minecraft:sand":3,"minecraft:crafting_table":3,"minecraft:diamond_helmet":1,"minecraft:golden_shovel":258,"minecraft:wooden_axe":11,"minecraft:bread":1,"minecraft:iron_pickaxe":94,"ecologics:coconut_slice":2,"minecraft:cobblestone":31,"minecraft:oak_boat":1,"minecraft:golden_axe":1},"minecraft:mined":{"minecraft:blackstone":35,"minecraft:deepslate_diamond_ore":16,"minecraft:crafting_table":3,"minecraft:torch":5,"minecraft:grass_block":11,"minecraft:tall_grass":21,"minecraft:deepslate_gold_ore":1,"minecraft:wall_torch":9,"minecraft:magma_block":1,"minecraft:iron_ore":5,"minecraft:deepslate_lapis_ore":1,"minecraft:grass":211,"minecraft:coal_ore":11,"minecraft:oak_log":19,"minecraft:deepslate_iron_ore":13,"minecraft:rail":1,"minecraft:gravel":1,"minecraft:dirt":18,"minecraft:sand":3,"minecraft:cobweb":1,"minecraft:stone":7,"minecraft:netherrack":2,"minecraft:oak_leaves":1},"minecraft:dropped":{"ecologics:coconut_planks":16,"minecraft:diamond":1,"minecraft:rail":1,"minecraft:flint_and_steel":2,"minecraft:flint":3,"ecologics:coconut_husk":2},"minecraft:picked_up":{"minecraft:iron_chestplate":1,"minecraft:crafting_table":3,"minecraft:feather":2,"farmersdelight:rice":1,"ecologics:coconut_planks":34,"minecraft:flint":1,"minecraft:oak_log":19,"minecraft:lapis_lazuli":4,"minecraft:dirt":41,"minecraft:flint_and_steel":2,"minecraft:iron_leggings":1,"minecraft:blackstone":33,"minecraft:wheat_seeds":32,"minecraft:raw_gold":1,"minecraft:iron_ingot":4,"minecraft:player_head":1,"minecraft:iron_pickaxe":1,"minecraft:powered_rail":5,"minecraft:iron_boots":1,"minecraft:stick":9,"minecraft:raw_iron":19,"ecologics:coconut_slice":2,"minecraft:torch":13,"minecraft:gravel":9,"minecraft:sand":3,"tombstone:grave_dust":3,"shieldexp:iron_shield":1,"minecraft:bundle":1,"minecraft:rotten_flesh":8,"minecraft:diamond":25,"minecraft:netherrack":2,"minecraft:coal":11,"minecraft:rail":1,"minecraft:cobblestone":113,"minecraft:ender_pearl":8},"minecraft:crafted":{"minecraft:oak_planks":76,"minecraft:crafting_table":1,"minecraft:iron_sword":1,"minecraft:oak_boat":1,"minecraft:diamond_helmet":1,"minecraft:diamond_leggings":1,"minecraft:stick":8,"minecraft:wooden_axe":1,"minecraft:diamond_boots":1},"minecraft:killed":{"minecraft:zombie":4,"naturalist:cardinal":1},"minecraft:custom":{"minecraft:interact_with_furnace":2,"minecraft:mob_kills":5,"minecraft:interact_with_crafting_table":10,"minecraft:leave_game":1,"minecraft:time_since_death":39607,"minecraft:time_since_rest":39607,"minecraft:sprint_one_cm":92898,"minecraft:damage_taken":104,"minecraft:walk_one_cm":116527,"minecraft:drop":7,"minecraft:damage_dealt":673,"minecraft:swim_one_cm":11213,"minecraft:fly_one_cm":86127,"minecraft:open_chest":5,"minecraft:crouch_one_cm":7767,"minecraft:play_time":39607,"tombstone:undead_killed":4,"minecraft:sneak_time":2498,"minecraft:walk_under_water_one_cm":2771,"minecraft:boat_one_cm":100241,"minecraft:jump":752,"minecraft:walk_on_water_one_cm":1831,"minecraft:total_world_time":39607,"minecraft:fall_one_cm":18550}},"DataVersion":3465}