{"stats":{"minecraft:broken":{"minecraft:iron_pickaxe":1},"minecraft:mined":{"minecraft:tuff":13,"minecraft:white_bed":1,"minecraft:deepslate_diamond_ore":58,"minecraft:crafting_table":5,"minecraft:torch":1,"minecraft:granite":18,"minecraft:grass_block":1,"minecraft:tall_grass":1,"minecraft:copper_ore":1,"minecraft:cobblestone":2,"minecraft:diorite":15,"minecraft:large_fern":1,"farmersdelight:wild_beetroots":3,"minecraft:furnace":5,"ecologics:seashell":1,"minecraft:iron_ore":47,"minecraft:lilac":6,"minecraft:spruce_log":11,"minecraft:andesite":8,"minecraft:deepslate_lapis_ore":8,"biomesoplenty:sea_oats":2,"minecraft:grass":7,"minecraft:oak_log":1,"minecraft:coal_ore":29,"minecraft:gravel":1,"minecraft:dirt":3,"minecraft:stone":239,"minecraft:oak_leaves":6,"minecraft:deepslate":340},"minecraft:used":{"minecraft:cooked_mutton":7,"minecraft:stone_pickaxe":119,"minecraft:oak_planks":1,"minecraft:wooden_pickaxe":11,"minecraft:iron_sword":60,"minecraft:iron_chestplate":1,"minecraft:torch":1,"minecraft:crafting_table":7,"minecraft:white_bed":1,"minecraft:wooden_axe":8,"minecraft:diamond_pickaxe":319,"minecraft:iron_pickaxe":337,"minecraft:cobblestone":77,"minecraft:furnace":5,"minecraft:bucket":1,"tombstone:gift":3,"minecraft:cobbled_deepslate":64,"minecraft:iron_leggings":1},"minecraft:killed_by":{"minecraft:creeper":1},"minecraft:dropped":{"minecraft:gravel":1,"minecraft:wheat_seeds":1,"minecraft:cobbled_deepslate":149,"minecraft:tuff":12,"minecraft:raw_iron":19,"minecraft:rotten_flesh":2,"minecraft:cobblestone":64,"minecraft:granite":18,"minecraft:dirt":4,"minecraft:diorite":15,"minecraft:iron_chestplate":1,"minecraft:wooden_axe":1,"minecraft:wooden_pickaxe":1,"minecraft:stone_pickaxe":1},"minecraft:picked_up":{"minecraft:crafting_table":5,"minecraft:lilac":8,"minecraft:salmon":1,"minecraft:andesite":8,"minecraft:tuff":12,"minecraft:oak_log":1,"minecraft:lapis_lazuli":53,"minecraft:dirt":5,"minecraft:raw_copper":4,"minecraft:wheat_seeds":1,"minecraft:cobbled_deepslate":341,"minecraft:iron_ingot":1,"minecraft:furnace":5,"minecraft:raw_iron":81,"minecraft:torch":1,"minecraft:gravel":1,"minecraft:diorite":15,"minecraft:white_bed":1,"minecraft:spruce_log":11,"minecraft:rotten_flesh":2,"minecraft:diamond":57,"minecraft:granite":18,"minecraft:oak_sapling":1,"minecraft:mutton":7,"minecraft:coal":122,"minecraft:white_wool":5,"minecraft:cobblestone":241,"minecraft:ender_pearl":1},"minecraft:crafted":{"minecraft:oak_planks":4,"minecraft:crafting_table":2,"minecraft:spruce_planks":44,"minecraft:wooden_pickaxe":1,"minecraft:iron_sword":1,"minecraft:furnace":1,"minecraft:bucket":1,"minecraft:cooked_mutton":7,"minecraft:air":0,"minecraft:iron_chestplate":1,"minecraft:diamond_pickaxe":1,"tombstone:grave_key":1,"minecraft:stick":16,"minecraft:iron_ingot":27,"minecraft:iron_pickaxe":2,"minecraft:stone_pickaxe":1,"minecraft:wooden_axe":1,"minecraft:diamond_boots":1,"minecraft:iron_leggings":1,"minecraft:white_bed":1,"minecraft:torch":4,"minecraft:diamond_chestplate":1},"minecraft:killed":{"minecraft:salmon":3,"minecraft:spider":1,"minecraft:sheep":5,"minecraft:skeleton":1,"minecraft:zombie":2,"minecraft:enderman":1},"minecraft:custom":{"minecraft:interact_with_furnace":21,"minecraft:mob_kills":14,"minecraft:interact_with_crafting_table":16,"minecraft:leave_game":5,"minecraft:time_since_death":51767,"minecraft:sleep_in_bed":1,"minecraft:climb_one_cm":424,"minecraft:time_since_rest":11282,"minecraft:sprint_one_cm":104664,"minecraft:damage_taken":736,"minecraft:walk_one_cm":63849,"tombstone:sneak_grave":1,"minecraft:drop":18,"minecraft:damage_dealt":2085,"minecraft:swim_one_cm":21166,"minecraft:player_kills":1,"minecraft:fly_one_cm":167199,"minecraft:crouch_one_cm":19060,"minecraft:play_time":54469,"tombstone:undead_killed":3,"minecraft:deaths":1,"minecraft:sneak_time":8730,"minecraft:walk_under_water_one_cm":16974,"tombstone:tomb_raiding":1,"minecraft:jump":1092,"minecraft:walk_on_water_one_cm":8780,"minecraft:total_world_time":54469,"minecraft:fall_one_cm":28490}},"DataVersion":3465}