{"stats":{"minecraft:broken":{"minecraft:stone_axe":1},"minecraft:mined":{"minecraft:podzol":5,"minecraft:spruce_planks":5,"biomesoplenty:redwood_planks":4,"minecraft:mossy_cobblestone":8,"minecraft:cobblestone_stairs":1,"biomesoplenty:desert_grass":2,"minecraft:oak_fence":1,"minecraft:crafting_table":2,"minecraft:dark_oak_fence":1,"minecraft:grass_block":11,"minecraft:melon":10,"minecraft:redstone_wire":2,"biomesoplenty:high_grass_plant":2,"minecraft:coal_block":16,"minecraft:tall_grass":5,"minecraft:cobblestone":1,"minecraft:spruce_leaves":4,"minecraft:oak_planks":4,"minecraft:sugar_cane":5,"minecraft:hay_block":24,"minecraft:fire":6,"minecraft:gray_bed":1,"minecraft:spruce_log":23,"minecraft:bookshelf":2,"minecraft:grass":13,"biomesoplenty:high_grass":1,"minecraft:sand":1,"minecraft:dirt":11,"biomesoplenty:stripped_redwood_wood":2,"minecraft:stone":43,"minecraft:iron_block":3,"biomesoplenty:redwood_wood":47,"minecraft:oak_leaves":1,"minecraft:fern":5},"minecraft:used":{"tombstone:scroll_of_unstable_intangibility":2,"minecraft:stone_sword":50,"biomesoplenty:redwood_planks":79,"minecraft:stone_pickaxe":74,"minecraft:wooden_pickaxe":4,"minecraft:spruce_planks":27,"minecraft:shield":1,"minecraft:iron_sword":22,"minecraft:stone_hoe":24,"minecraft:dirt":4,"minecraft:crafting_table":7,"minecraft:crossbow":13,"minecraft:spruce_boat":2,"minecraft:dark_oak_planks":10,"minecraft:wooden_axe":7,"tombstone:tablet_of_assistance":1,"minecraft:melon_slice":22,"minecraft:bread":28,"minecraft:golden_leggings":1,"minecraft:golden_helmet":1,"minecraft:stone_axe":132,"ecologics:coconut_slice":2,"mowziesmobs:umvuthana_mask_fury":1,"minecraft:gray_bed":1,"tombstone:gift":3},"minecraft:killed_by":{"minecraft:pillager":1,"takesapillage:archer":1},"minecraft:dropped":{"minecraft:stone_hoe":3,"minecraft:stone_axe":1,"minecraft:goat_horn":3,"minecraft:wheat_seeds":1,"minecraft:golden_helmet":1,"minecraft:stone_sword":1,"minecraft:mossy_cobblestone":8,"minecraft:oak_fence":1,"minecraft:cobblestone":28,"mowziesmobs:umvuthana_mask_fear":1,"biomesoplenty:redwood_planks":2,"minecraft:lantern":1,"minecraft:diamond_shovel":2,"minecraft:azure_bluet":4,"tombstone:scroll_of_unstable_intangibility":1,"minecraft:stick":8,"minecraft:dirt":37,"minecraft:golden_leggings":1,"minecraft:wooden_axe":1,"ecologics:coconut_husk":2,"tombstone:grave_dust":1,"minecraft:spider_eye":1,"minecraft:sand":1,"minecraft:arrow":7,"minecraft:wooden_pickaxe":1,"minecraft:bone":24},"minecraft:picked_up":{"mowziesmobs:umvuthana_mask_fury":1,"minecraft:crafting_table":2,"minecraft:azure_bluet":4,"minecraft:golden_leggings":1,"biomesoplenty:stripped_redwood_wood":2,"minecraft:lantern":1,"minecraft:dirt":42,"tombstone:gift":1,"minecraft:bone":4,"minecraft:wheat_seeds":1,"minecraft:spruce_planks":4,"minecraft:coal_block":16,"minecraft:melon_slice":50,"biomesoplenty:redwood_wood":45,"minecraft:gray_bed":1,"minecraft:sugar_cane":12,"minecraft:iron_sword":1,"minecraft:stone_hoe":2,"minecraft:book":6,"minecraft:stick":4,"ecologics:coconut_slice":4,"minecraft:oak_fence":2,"minecraft:sand":2,"minecraft:carrot":1,"minecraft:spruce_log":23,"minecraft:stone_sword":1,"minecraft:goat_horn":1,"minecraft:spider_eye":1,"minecraft:mossy_cobblestone":8,"biomesoplenty:redwood_planks":3,"minecraft:bundle":1,"minecraft:arrow":8,"minecraft:rotten_flesh":5,"minecraft:spruce_boat":1,"minecraft:hay_block":24,"minecraft:iron_block":3,"minecraft:emerald":2,"mowziesmobs:umvuthana_mask_fear":1,"minecraft:cobblestone":44},"minecraft:crafted":{"minecraft:crafting_table":5,"minecraft:spruce_planks":92,"biomesoplenty:redwood_planks":84,"minecraft:wooden_pickaxe":1,"minecraft:diamond_shovel":2,"minecraft:stone_axe":3,"minecraft:bread":72,"minecraft:iron_boots":1,"minecraft:iron_chestplate":1,"minecraft:shield":1,"minecraft:iron_leggings":1,"minecraft:stick":28,"minecraft:iron_ingot":27,"minecraft:stone_pickaxe":1,"minecraft:wooden_axe":1,"minecraft:stone_sword":1,"minecraft:spruce_boat":2,"minecraft:dark_oak_planks":128,"minecraft:stone_hoe":1,"minecraft:wheat":216},"minecraft:killed":{"naturalist:rattlesnake":1,"minecraft:spider":2,"mowziesmobs:umvuthana_follower_raptor":5,"minecraft:skeleton":2,"minecraft:pillager":6,"minecraft:zombie":6,"takesapillage:archer":5},"minecraft:custom":{"minecraft:interact_with_smithing_table":2,"minecraft:interact_with_furnace":1,"minecraft:mob_kills":27,"tombstone:raider_killed":11,"minecraft:interact_with_crafting_table":21,"minecraft:open_barrel":13,"minecraft:interact_with_loom":1,"minecraft:damage_dealt_resisted":71,"minecraft:leave_game":1,"minecraft:time_since_death":50300,"minecraft:sleep_in_bed":2,"minecraft:climb_one_cm":5385,"minecraft:time_since_rest":14387,"minecraft:sprint_one_cm":266572,"minecraft:damage_taken":1979,"minecraft:walk_one_cm":109684,"minecraft:drop":39,"minecraft:damage_dealt":4433,"minecraft:swim_one_cm":20281,"minecraft:fly_one_cm":371829,"minecraft:open_chest":14,"minecraft:crouch_one_cm":10254,"minecraft:play_time":75244,"tombstone:undead_killed":8,"minecraft:deaths":2,"minecraft:sneak_time":3414,"minecraft:walk_under_water_one_cm":2200,"minecraft:boat_one_cm":60233,"minecraft:jump":1574,"minecraft:walk_on_water_one_cm":5815,"minecraft:total_world_time":75244,"minecraft:fall_one_cm":52299}},"DataVersion":3465}