{"stats":{"minecraft:mined":{"minecraft:birch_leaves":1,"minecraft:oak_leaves":2},"minecraft:used":{"minecraft:iron_chestplate":1,"tombstone:gift":2},"minecraft:killed_by":{"minecraft:player":1},"minecraft:dropped":{"minecraft:wheat_seeds":1},"minecraft:picked_up":{"minecraft:iron_chestplate":1,"minecraft:raw_iron":19,"minecraft:lilac":1,"minecraft:wheat_seeds":1,"minecraft:oak_log":8},"minecraft:custom":{"minecraft:time_since_rest":3319,"minecraft:crouch_one_cm":835,"minecraft:play_time":18998,"minecraft:sprint_one_cm":18789,"minecraft:walk_one_cm":40698,"minecraft:damage_taken":335,"minecraft:deaths":1,"minecraft:sneak_time":248,"minecraft:drop":1,"minecraft:jump":255,"minecraft:damage_dealt":273,"minecraft:leave_game":1,"minecraft:time_since_death":4919,"minecraft:total_world_time":18998,"minecraft:fall_one_cm":2328,"minecraft:fly_one_cm":15621,"minecraft:player_kills":1}},"DataVersion":3465}