{"stats":{"minecraft:broken":{"minecraft:stone_sword":1,"minecraft:stone_axe":1},"minecraft:used":{"minecraft:stone_sword":142,"minecraft:spruce_planks":5,"minecraft:chest":5,"minecraft:stone_hoe":33,"minecraft:oak_door":4,"minecraft:torch":31,"minecraft:dirt":140,"minecraft:carrot":15,"minecraft:dark_oak_planks":2,"minecraft:wooden_axe":30,"farmersdelight:tomato":1,"minecraft:lantern":3,"minecraft:barrel":5,"minecraft:scaffolding":6,"minecraft:furnace":2,"minecraft:oak_sapling":2,"minecraft:goat_horn":3,"minecraft:gray_bed":6,"tombstone:gift":1,"minecraft:potato":5,"farmersdelight:tomato_seeds":4,"minecraft:acacia_planks":25,"minecraft:wheat_seeds":9,"minecraft:stone_pickaxe":133,"minecraft:oak_planks":6,"minecraft:wooden_pickaxe":33,"farmersdelight:onion":5,"minecraft:crafting_table":6,"minecraft:blast_furnace":1,"biomesoplenty:wildflower":5,"minecraft:acacia_door":1,"minecraft:acacia_sign":5,"minecraft:dark_oak_log":4,"minecraft:birch_slab":1,"minecraft:bread":55,"travelersbackpack:white_sleeping_bag":5,"biomesoplenty:toadstool":1,"minecraft:lilac":1,"minecraft:stone_axe":225,"minecraft:cobblestone":17,"minecraft:white_banner":3,"minecraft:dark_oak_fence":8,"minecraft:yellow_bed":3,"minecraft:oak_boat":1,"minecraft:coarse_dirt":3,"minecraft:experience_bottle":3},"minecraft:mined":{"minecraft:dark_oak_planks":1,"biomesoplenty:orange_autumn_leaves":3,"minecraft:spruce_planks":17,"farmersdelight:onions":4,"farmersdelight:wild_carrots":13,"minecraft:dark_oak_log":6,"biomesoplenty:desert_grass":34,"minecraft:dark_oak_fence":17,"biomesoplenty:bush":5,"minecraft:acacia_log":37,"minecraft:deepslate_tile_wall":4,"minecraft:grass_block":58,"biomesoplenty:flowering_oak_leaves":1,"travelersbackpack:white_sleeping_bag":4,"farmersdelight:tomatoes":4,"minecraft:birch_slab":1,"minecraft:spruce_leaves":6,"minecraft:large_fern":1,"minecraft:hay_block":29,"minecraft:carrots":15,"biomesoplenty:toadstool":1,"minecraft:barrel":5,"minecraft:azure_bluet":1,"minecraft:dark_oak_stairs":6,"minecraft:potatoes":5,"biomesoplenty:high_grass":28,"biomesoplenty:redwood_log":1,"minecraft:iron_bars":2,"minecraft:lantern":1,"minecraft:white_banner":1,"minecraft:stone":93,"minecraft:acacia_leaves":9,"minecraft:scaffolding":7,"biomesoplenty:wildflower":22,"ecologics:thin_ice":2,"minecraft:crafting_table":3,"minecraft:blast_furnace":1,"minecraft:chest":3,"minecraft:campfire":1,"biomesoplenty:high_grass_plant":35,"minecraft:tall_grass":25,"minecraft:cobblestone":9,"biomesoplenty:sprout":4,"biomesoplenty:huge_clover_petal":26,"minecraft:sugar_cane":2,"minecraft:wheat":9,"minecraft:lilac":1,"minecraft:gray_bed":6,"minecraft:spruce_log":4,"biomesoplenty:clover":74,"minecraft:white_wall_banner":15,"minecraft:yellow_bed":3,"minecraft:grass":188,"minecraft:oak_log":22,"minecraft:coal_ore":43,"minecraft:dirt":64,"minecraft:acacia_planks":1,"minecraft:acacia_wall_sign":3,"minecraft:oak_leaves":14},"minecraft:dropped":{"minecraft:bread":14,"minecraft:wheat_seeds":3,"minecraft:cobblestone":4,"minecraft:mud":12,"biomesoplenty:wildflower":14},"minecraft:picked_up":{"minecraft:wooden_axe":1,"biomesoplenty:redwood_log":1,"minecraft:charcoal":2,"minecraft:mud":12,"minecraft:crafting_table":3,"minecraft:wheat":7,"minecraft:azure_bluet":6,"minecraft:wooden_pickaxe":2,"minecraft:enchanted_book":1,"minecraft:string":12,"minecraft:experience_bottle":1,"minecraft:spruce_planks":16,"minecraft:beef":3,"minecraft:acacia_sign":4,"minecraft:oak_boat":2,"minecraft:cobblestone_slab":6,"minecraft:deepslate_tile_wall":2,"biomesoplenty:wildflower":19,"minecraft:sugar_cane":7,"minecraft:chest":4,"minecraft:stick":10,"minecraft:torch":1,"minecraft:acacia_log":76,"minecraft:porkchop":18,"farmersdelight:tomato_seeds":6,"tombstone:grave_dust":1,"minecraft:carrot":35,"minecraft:goat_horn":2,"minecraft:dark_oak_planks":1,"minecraft:arrow":8,"minecraft:rotten_flesh":13,"farmersdelight:onion":7,"minecraft:hay_block":29,"minecraft:mutton":19,"minecraft:iron_bars":1,"minecraft:white_wool":7,"minecraft:cobblestone":105,"minecraft:feather":6,"minecraft:lilac":1,"minecraft:tripwire_hook":3,"minecraft:birch_slab":1,"minecraft:leather":2,"minecraft:potato":9,"minecraft:birch_planks":6,"minecraft:oak_log":34,"minecraft:yellow_bed":4,"minecraft:gunpowder":3,"farmersdelight:tomato":3,"minecraft:dirt":169,"minecraft:lantern":3,"minecraft:white_banner":11,"minecraft:bone":15,"minecraft:acacia_planks":1,"minecraft:apple":5,"minecraft:wheat_seeds":37,"minecraft:gray_bed":6,"minecraft:stone_hoe":1,"minecraft:dark_oak_stairs":6,"biomesoplenty:toadstool":1,"minecraft:scaffolding":187,"minecraft:blast_furnace":1,"minecraft:spruce_log":4,"minecraft:spider_eye":1,"minecraft:dark_oak_log":9,"minecraft:barrel":5,"travelersbackpack:white_sleeping_bag":3,"minecraft:bundle":2,"minecraft:oak_sapling":2,"minecraft:dark_oak_fence":17,"minecraft:coal":43,"minecraft:coarse_dirt":3},"minecraft:crafted":{"minecraft:oak_door":6,"minecraft:oak_planks":68,"minecraft:cobblestone_slab":6,"minecraft:furnace":2,"travelersbackpack:white_sleeping_bag":2,"minecraft:stone_pickaxe":2,"minecraft:chest":2,"minecraft:dark_oak_planks":12,"minecraft:stone_hoe":1,"minecraft:wheat":261,"farmersdelight:tomato_seeds":2,"minecraft:crafting_table":4,"minecraft:spruce_planks":8,"biomesoplenty:redwood_planks":4,"minecraft:wooden_pickaxe":1,"minecraft:stone_axe":2,"minecraft:bread":87,"minecraft:oak_boat":1,"minecraft:acacia_sign":3,"minecraft:stick":36,"minecraft:wooden_axe":1,"minecraft:stone_sword":1,"minecraft:acacia_door":3,"minecraft:acacia_planks":40,"minecraft:torch":40},"minecraft:killed":{"minecraft:witch":1,"minecraft:spider":6,"minecraft:skeleton":8,"minecraft:drowned":2,"naturalist:cardinal":3,"naturalist:giraffe":2,"minecraft:pig":4,"naturalist:butterfly":1,"minecraft:creeper":5,"naturalist:rhino":1,"minecraft:sheep":7,"minecraft:zombie":17,"minecraft:cow":2},"minecraft:custom":{"minecraft:mob_kills":61,"minecraft:animals_bred":1,"minecraft:interact_with_crafting_table":25,"minecraft:open_barrel":31,"minecraft:leave_game":1,"minecraft:time_since_death":165604,"minecraft:climb_one_cm":4148,"minecraft:sprint_one_cm":468017,"minecraft:walk_one_cm":355263,"minecraft:drop":24,"minecraft:play_time":165604,"minecraft:sneak_time":9774,"minecraft:walk_under_water_one_cm":7653,"minecraft:boat_one_cm":52868,"minecraft:jump":2988,"minecraft:interact_with_blast_furnace":2,"minecraft:walk_on_water_one_cm":25534,"minecraft:total_world_time":165604,"minecraft:interact_with_furnace":3,"tombstone:raider_killed":1,"minecraft:interact_with_cartography_table":1,"minecraft:sleep_in_bed":12,"minecraft:time_since_rest":4401,"minecraft:damage_taken":2185,"minecraft:damage_dealt":10914,"minecraft:swim_one_cm":106788,"minecraft:fly_one_cm":740873,"minecraft:crouch_one_cm":30404,"minecraft:open_chest":30,"tombstone:undead_killed":27,"minecraft:fall_one_cm":75494}},"DataVersion":3465}