{"stats":{"minecraft:mined":{"minecraft:spruce_planks":2,"minecraft:mossy_cobblestone":4,"minecraft:grass_block":26,"minecraft:redstone_wire":13,"minecraft:spruce_leaves":6,"minecraft:large_fern":3,"minecraft:furnace":2,"biomesoplenty:toadstool":1,"minecraft:sticky_piston":3,"minecraft:barrel":6,"minecraft:pumpkin":1,"biomesoplenty:high_grass":2,"minecraft:vine":2,"minecraft:quartz_slab":2,"minecraft:stone":37,"minecraft:iron_block":2,"minecraft:scaffolding":8,"minecraft:oak_fence":1,"minecraft:melon":17,"minecraft:chest":2,"biomesoplenty:high_grass_plant":9,"minecraft:tall_grass":2,"biomesoplenty:sprout":1,"minecraft:oak_planks":1,"minecraft:repeater":1,"minecraft:wheat":35,"minecraft:spruce_log":49,"minecraft:grass":9,"minecraft:oak_log":5,"minecraft:dirt":7,"minecraft:dispenser":2,"minecraft:oak_leaves":1,"minecraft:fern":4},"minecraft:used":{"minecraft:oak_trapdoor":1,"minecraft:stone_sword":116,"minecraft:stone_shovel":34,"minecraft:redstone":1,"minecraft:spruce_planks":1,"minecraft:chest":2,"minecraft:iron_sword":8,"minecraft:dirt":4,"minecraft:carrot":7,"naturalist:cooked_bass":1,"minecraft:wooden_axe":42,"minecraft:iron_block":1,"minecraft:barrel":1,"minecraft:sweet_berries":25,"tombstone:gift":2,"minecraft:egg":1,"mowziesmobs:foliaath_seed":1,"minecraft:wheat_seeds":91,"minecraft:stone_pickaxe":66,"minecraft:baked_potato":2,"minecraft:wooden_pickaxe":7,"minecraft:salmon":6,"minecraft:crossbow":3,"minecraft:spruce_log":3,"tombstone:bag_of_seeds":2,"minecraft:melon_slice":19,"minecraft:bread":2,"biomesoplenty:toadstool":1,"minecraft:golden_leggings":1,"minecraft:stone_axe":38,"ecologics:coconut_slice":2,"minecraft:dark_oak_fence":1,"minecraft:bone_meal":1,"minecraft:experience_bottle":5},"minecraft:killed_by":{"minecraft:pillager":1,"takesapillage:archer":2},"minecraft:dropped":{"minecraft:brown_mushroom":4,"minecraft:wheat_seeds":10,"minecraft:baked_potato":2,"minecraft:mossy_cobblestone":4,"minecraft:crafting_table":1,"mowziesmobs:foliaath_seed":3,"ecologics:coconut_slice":2,"minecraft:crossbow":1,"minecraft:pufferfish":1,"minecraft:dirt":32,"naturalist:bass":2,"minecraft:repeater":1,"minecraft:wooden_axe":1,"minecraft:melon_slice":36,"minecraft:string":1,"minecraft:spruce_sapling":3,"minecraft:bone":1,"minecraft:furnace":2,"minecraft:sweet_berries":17,"minecraft:sugar_cane":3,"minecraft:oak_trapdoor":1,"minecraft:stone_sword":2,"minecraft:sticky_piston":3,"minecraft:wheat":6,"minecraft:rotten_flesh":26,"biomesoplenty:redwood_planks":2,"minecraft:oak_planks":1,"minecraft:azure_bluet":1,"tombstone:scroll_of_unstable_intangibility":1,"minecraft:carrot":10,"minecraft:gunpowder":5,"minecraft:bundle":2,"minecraft:wooden_pickaxe":1,"minecraft:quartz_slab":2,"minecraft:egg":1},"minecraft:picked_up":{"minecraft:wheat":35,"minecraft:azure_bluet":1,"minecraft:brown_mushroom":2,"minecraft:enchanted_book":1,"minecraft:oak_trapdoor":2,"minecraft:string":1,"minecraft:sticky_piston":6,"minecraft:quartz_slab":2,"minecraft:experience_bottle":1,"tombstone:scroll_of_unstable_intangibility":1,"minecraft:spruce_planks":3,"minecraft:iron_pickaxe":1,"minecraft:melon_slice":101,"minecraft:sugar_cane":3,"minecraft:chest":2,"minecraft:egg":1,"minecraft:furnace":4,"minecraft:stick":4,"ecologics:coconut_slice":10,"minecraft:oak_fence":1,"tombstone:grave_dust":2,"minecraft:carrot":7,"minecraft:redstone":16,"biomesoplenty:redwood_planks":3,"minecraft:stone_sword":1,"minecraft:arrow":6,"minecraft:rotten_flesh":18,"minecraft:iron_block":2,"minecraft:cod":2,"minecraft:cobblestone":65,"minecraft:repeater":1,"minecraft:salmon":8,"minecraft:oak_log":5,"minecraft:gunpowder":1,"minecraft:dirt":64,"naturalist:bass":1,"minecraft:bow":1,"minecraft:wheat_seeds":102,"mowziesmobs:foliaath_seed":3,"tombstone:bag_of_seeds":1,"minecraft:oak_planks":5,"minecraft:iron_sword":2,"biomesoplenty:toadstool":1,"minecraft:scaffolding":34,"minecraft:sweet_berries":48,"minecraft:spruce_sapling":3,"minecraft:spruce_log":49,"minecraft:barrel":6,"minecraft:mossy_cobblestone":4,"minecraft:bundle":2,"minecraft:diamond_shovel":2,"minecraft:dispenser":2,"minecraft:stone_axe":2,"minecraft:crossbow":2,"minecraft:bone_meal":1,"minecraft:emerald":8,"mowziesmobs:umvuthana_mask_fear":1,"minecraft:baked_potato":2,"tombstone:magic_scroll":3,"minecraft:melon_seeds":3,"minecraft:dark_oak_fence":1},"minecraft:crafted":{"minecraft:oak_planks":20,"minecraft:stone_shovel":12,"minecraft:iron_boots":1,"minecraft:stone_pickaxe":1,"minecraft:spruce_planks":48,"minecraft:wooden_pickaxe":1,"minecraft:bread":11,"minecraft:air":0,"minecraft:stick":52,"minecraft:wooden_axe":1,"minecraft:stone_sword":1},"minecraft:killed":{"minecraft:spider":1,"minecraft:cod":2,"minecraft:salmon":8,"takesapillage:skirmisher":1,"minecraft:creeper":1,"minecraft:pillager":5,"minecraft:zombie":9,"takesapillage:archer":3,"mowziesmobs:umvuthana_raptor":1},"minecraft:custom":{"minecraft:interact_with_smithing_table":2,"minecraft:mob_kills":31,"minecraft:interact_with_crafting_table":6,"minecraft:open_barrel":18,"minecraft:leave_game":3,"minecraft:time_since_death":44141,"minecraft:climb_one_cm":8798,"minecraft:sprint_one_cm":216777,"minecraft:walk_one_cm":352610,"minecraft:drop":57,"minecraft:talked_to_villager":7,"minecraft:play_time":72611,"minecraft:deaths":3,"minecraft:sneak_time":211,"minecraft:walk_under_water_one_cm":20018,"minecraft:boat_one_cm":12062,"minecraft:jump":1115,"minecraft:interact_with_blast_furnace":2,"minecraft:walk_on_water_one_cm":18592,"minecraft:total_world_time":72611,"minecraft:interact_with_furnace":9,"tombstone:raider_killed":9,"minecraft:traded_with_villager":1,"minecraft:interact_with_loom":1,"minecraft:interact_with_stonecutter":1,"minecraft:sleep_in_bed":1,"minecraft:time_since_rest":15509,"minecraft:damage_taken":1683,"minecraft:damage_dealt":4495,"minecraft:swim_one_cm":27538,"minecraft:fly_one_cm":207370,"minecraft:open_chest":18,"minecraft:crouch_one_cm":506,"tombstone:undead_killed":9,"minecraft:fall_one_cm":32905,"minecraft:inspect_dispenser":3}},"DataVersion":3465}