{"stats":{"minecraft:used":{"minecraft:stone_shovel":62,"minecraft:stone_pickaxe":11,"minecraft:oak_planks":2,"minecraft:birch_boat":3,"minecraft:stone_hoe":4,"minecraft:torch":1,"minecraft:dirt":59,"minecraft:crafting_table":5,"biomesoplenty:wildflower":5,"minecraft:apple":5,"minecraft:lantern":1,"minecraft:bread":9,"minecraft:stone_axe":98,"minecraft:scaffolding":6,"minecraft:goat_horn":6,"minecraft:oak_boat":2},"minecraft:mined":{"minecraft:scaffolding":6,"minecraft:acacia_leaves":2,"minecraft:spruce_planks":1,"minecraft:farmland":1,"biomesoplenty:wildflower":12,"minecraft:crafting_table":5,"minecraft:blast_furnace":2,"minecraft:acacia_log":40,"minecraft:grass_block":16,"minecraft:chest":2,"biomesoplenty:huge_clover_petal":4,"biomesoplenty:sprout":1,"minecraft:cartography_table":1,"minecraft:wall_torch":1,"minecraft:furnace":3,"minecraft:mud":12,"minecraft:birch_log":3,"minecraft:barrel":3,"minecraft:azure_bluet":2,"minecraft:fletching_table":1,"minecraft:white_wall_banner":1,"minecraft:grass":11,"biomesoplenty:clover":13,"minecraft:oak_log":15,"minecraft:lantern":2,"minecraft:loom":1,"minecraft:dirt":7,"minecraft:acacia_planks":6,"minecraft:stone":1,"minecraft:oak_leaves":2},"minecraft:killed_by":{"minecraft:player":1,"takesapillage:skirmisher":1},"minecraft:dropped":{"minecraft:kelp":6,"minecraft:birch_planks":3,"minecraft:wheat_seeds":16,"minecraft:oak_log":12,"minecraft:coarse_dirt":2,"minecraft:experience_bottle":1,"minecraft:feather":2,"minecraft:rotten_flesh":8,"minecraft:azure_bluet":4,"minecraft:acacia_log":37,"minecraft:torch":1,"minecraft:mutton":1,"minecraft:acacia_sapling":1,"minecraft:spider_eye":3,"minecraft:mud":12,"minecraft:string":2,"minecraft:white_wool":3},"minecraft:picked_up":{"minecraft:birch_log":3,"minecraft:mud":24,"minecraft:coarse_dirt":2,"minecraft:crafting_table":6,"minecraft:azure_bluet":4,"minecraft:feather":7,"minecraft:tripwire_hook":5,"minecraft:oak_log":15,"minecraft:dirt":59,"minecraft:string":2,"minecraft:lantern":3,"minecraft:white_banner":2,"minecraft:bone":2,"minecraft:experience_bottle":1,"minecraft:kelp":11,"minecraft:wheat_seeds":24,"minecraft:cartography_table":1,"minecraft:spruce_planks":2,"minecraft:oak_boat":1,"minecraft:fletching_table":1,"biomesoplenty:wildflower":24,"minecraft:chest":1,"minecraft:acacia_sapling":1,"minecraft:furnace":3,"minecraft:scaffolding":6,"minecraft:stick":2,"minecraft:birch_boat":3,"minecraft:acacia_log":37,"minecraft:torch":3,"minecraft:blast_furnace":2,"minecraft:loom":1,"minecraft:dark_oak_log":4,"minecraft:spider_eye":4,"minecraft:barrel":3,"minecraft:goat_horn":1,"minecraft:arrow":2,"minecraft:rotten_flesh":1,"minecraft:crossbow":1,"minecraft:bread":14,"minecraft:mutton":4,"minecraft:white_wool":6},"minecraft:crafted":{"minecraft:oak_planks":12,"minecraft:stone_shovel":1,"minecraft:crafting_table":2,"minecraft:birch_boat":1,"minecraft:birch_planks":12,"minecraft:stone_axe":1,"minecraft:oak_boat":1,"minecraft:stone_pickaxe":1,"minecraft:dark_oak_planks":4},"minecraft:killed":{"minecraft:sheep":3,"minecraft:skeleton":2,"minecraft:zombie":1,"naturalist:cardinal":1,"minecraft:enderman":1},"minecraft:custom":{"minecraft:interact_with_furnace":1,"minecraft:mob_kills":8,"minecraft:interact_with_crafting_table":7,"minecraft:leave_game":4,"minecraft:time_since_death":39733,"minecraft:sleep_in_bed":3,"minecraft:climb_one_cm":2504,"minecraft:time_since_rest":3773,"minecraft:sprint_one_cm":248806,"minecraft:damage_taken":1182,"minecraft:walk_one_cm":274448,"minecraft:drop":26,"minecraft:damage_dealt":1229,"minecraft:swim_one_cm":54233,"minecraft:fly_one_cm":261404,"minecraft:open_chest":11,"minecraft:crouch_one_cm":144,"minecraft:play_time":92511,"tombstone:undead_killed":3,"minecraft:deaths":3,"minecraft:sneak_time":80,"minecraft:walk_under_water_one_cm":6670,"minecraft:boat_one_cm":191880,"minecraft:jump":1282,"minecraft:walk_on_water_one_cm":30164,"minecraft:total_world_time":92511,"minecraft:fall_one_cm":22085}},"DataVersion":3465}